{
	"description": "项目配置文件。",
	"setting": {
		"urlCheck": true,
		"es6": true,
		"postcss": true,
		"minified": true,
		"newFeature": true
	},
	"compileType": "miniprogram",
	"libVersion": "2.6.1",
	"appid": "wxdd520501823215b2",
	"projectname": "yi23456",
	"condition": {
		"search": {
			"current": -1,
			"list": []
		},
		"conversation": {
			"current": -1,
			"list": []
		},
		"plugin": {
			"current": -1,
			"list": []
		},
		"game": {
			"list": []
		},
		"miniprogram": {
			"current": 17,
			"list": [
				{
					"id": 0,
					"name": "首页",
					"pathName": "page/component/pages/index/index",
					"query": "referId=233",
					"scene": null
				},
				{
					"id": 1,
					"name": "短列表 ",
					"pathName": "page/component/pages/list/list",
					"query": "searchKey=devil's bones1&referId=444",
					"scene": null
				},
				{
					"id": 2,
					"name": "pay",
					"pathName": "page/component/pages/pay/pay",
					"query": ""
				},
				{
					"id": 3,
					"name": "老带新",
					"pathName": "page/component/pages/inviteLandingPage/inviteLandingPage",
					"query": "scene=16369#1000718",
					"scene": null
				},
				{
					"id": 4,
					"name": "登陆",
					"pathName": "page/component/pages/login/login",
					"query": ""
				},
				{
					"id": 5,
					"name": "获取微信手机号",
					"pathName": "page/component/pages/loginByTel/login",
					"query": ""
				},
				{
					"id": 6,
					"name": "首页带参数",
					"pathName": "page/component/pages/product/product",
					"query": "id=15322",
					"scene": null
				},
				{
					"id": 7,
					"name": "支付失败",
					"pathName": "page/component/pages/payFailed/paystatus",
					"query": "referId=1233"
				},
				{
					"id": 8,
					"name": "支付成功",
					"pathName": "page/component/pages/paystatus/paystatus",
					"query": "referId=1233"
				},
				{
					"id": 9,
					"name": "收藏分享",
					"pathName": "page/component/pages/wishlistShare/wishlistShare",
					"query": "productShareRecordId=11&referId=212"
				},
				{
					"id": 10,
					"name": "face",
					"pathName": "page/component/pages/face/face",
					"query": "scene=1000315"
				},
				{
					"id": 11,
					"name": "posting",
					"pathName": "page/component/pages/postingpart/postingpart",
					"query": "postingId=8910",
					"scene": null
				},
				{
					"id": -1,
					"name": "衣箱页面",
					"pathName": "page/component/pages/box/box",
					"query": "searchKey=devil's bones1&referId=444",
					"scene": null
				},
				{
					"id": -1,
					"name": "my",
					"pathName": "page/component/pages/my/my",
					"query": "",
					"scene": null
				},
				{
					"id": -1,
					"name": "劵",
					"pathName": "page/component/pages/coupon/coupon",
					"query": "",
					"scene": null
				},
				{
					"id": 15,
					"name": "+1劵",
					"pathName": "page/component/pages/clothCoupon/clothCoupon",
					"query": "",
					"scene": null
				},
				{
					"id": 16,
					"name": "pro  图中搭配",
					"pathName": "page/component/pages/product/product",
					"query": "id=4482",
					"scene": null
				},
				{
					"id": 17,
					"name": "pro  推荐搭配",
					"pathName": "page/component/pages/product/product",
					"query": "id=33763",
					"scene": null
				},
				{
					"id": 19,
					"name": "test",
					"pathName": "page/component/pages/openCardSuccess/openCardSuccess",
					"query": "",
					"scene": null
				}
			]
		}
	}
}