{
  "Hot": [
      {
          "rgnId": 52,
          "city": "北京市",
          "cityCode": "010",
          "latitude": 39.9,
          "longitude": 116.4
      },
      {
          "rgnId": 321,
          "city": "上海市",
          "cityCode": "021",
          "latitude": 31.23,
          "longitude": 121.47
      },
      {
          "rgnId": 76,
          "city": "广州市",
          "cityCode": "020",
          "latitude": 23.13,
          "longitude": 113.27
      },
      {
          "rgnId": 383,
          "city": "杭州市",
          "cityCode": "0571",
          "latitude": 30.28,
          "longitude": 120.15
      },
      {
          "rgnId": 77,
          "city": "深圳市",
          "cityCode": "0755",
          "latitude": 22.55,
          "longitude": 114.05
      },
      {
          "rgnId": 322,
          "city": "成都市",
          "cityCode": "028",
          "latitude": 30.67,
          "longitude": 104.07
      },
      {
          "rgnId": 220,
          "city": "南京市",
          "cityCode": "025",
          "latitude": 32.07,
          "longitude": 118.78
      }
  ],
  "A": [
      {
          "rgnId": 3810,
          "city": "阿勒泰地区",
          "cityCode": "0906",
          "latitude": 47.85,
          "longitude": 88.13
      },
      {
          "rgnId": 152,
          "city": "安阳市",
          "cityCode": "0372",
          "latitude": 36.1,
          "longitude": 114.38
      },
      {
          "rgnId": 246,
          "city": "鞍山市",
          "cityCode": "0412",
          "latitude": 41.1,
          "longitude": 122.98
      },
      {
          "rgnId": 259,
          "city": "阿拉善盟市",
          "cityCode": "0483",
          "latitude": 40.83,
          "longitude": 111.73
      },
      {
          "rgnId": 36,
          "city": "安庆市",
          "cityCode": "0556",
          "latitude": 30.53,
          "longitude": 117.05
      },
      {
          "rgnId": 324,
          "city": "阿坝藏族羌族自治州",
          "cityCode": "0837",
          "latitude": 31.9,
          "longitude": 102.22
      },
      {
          "rgnId": 112,
          "city": "安顺市",
          "cityCode": "0853",
          "latitude": 26.25,
          "longitude": 105.95
      },
      {
          "rgnId": 345,
          "city": "阿里地区",
          "cityCode": "0897",
          "latitude": 32.5,
          "longitude": 80.1
      },
      {
          "rgnId": 312,
          "city": "安康市",
          "cityCode": "0915",
          "latitude": 32.68,
          "longitude": 109.02
      },
      {
          "rgnId": 352,
          "city": "阿克苏地区",
          "cityCode": "0997",
          "latitude": 41.17,
          "longitude": 80.27
      },
      {
          "rgnId": 353,
          "city": "阿拉尔市",
          "cityCode": "1997",
          "latitude": 43.82,
          "longitude": 87.62
      }
  ],
  "B": [
      {
          "rgnId": 122,
          "city": "白沙黎族自治县",
          "cityCode": "0802",
          "latitude": 20.03,
          "longitude": 110.32
      },
      {
          "rgnId": 52,
          "city": "北京市",
          "cityCode": "010",
          "latitude": 39.9,
          "longitude": 116.4
      },
      {
          "rgnId": 139,
          "city": "保定市",
          "cityCode": "0312",
          "latitude": 38.87,
          "longitude": 115.47
      },
      {
          "rgnId": 247,
          "city": "本溪市",
          "cityCode": "0414",
          "latitude": 41.3,
          "longitude": 123.77
      },
      {
          "rgnId": 213,
          "city": "白城市",
          "cityCode": "0436",
          "latitude": 45.62,
          "longitude": 122.83
      },
      {
          "rgnId": 214,
          "city": "白山市",
          "cityCode": "0439",
          "latitude": 41.93,
          "longitude": 126.42
      },
      {
          "rgnId": 261,
          "city": "包头市",
          "cityCode": "0472",
          "latitude": 40.65,
          "longitude": 109.83
      },
      {
          "rgnId": 260,
          "city": "巴彦淖尔",
          "cityCode": "0478",
          "latitude": 40.75,
          "longitude": 107.42
      },
      {
          "rgnId": 285,
          "city": "滨州市",
          "cityCode": "0543",
          "latitude": 37.38,
          "longitude": 117.97
      },
      {
          "rgnId": 37,
          "city": "蚌埠市",
          "cityCode": "0552",
          "latitude": 32.92,
          "longitude": 117.38
      },
      {
          "rgnId": 51,
          "city": "亳州市",
          "cityCode": "0558",
          "latitude": 33.85,
          "longitude": 115.78
      },
      {
          "rgnId": 99,
          "city": "百色市",
          "cityCode": "0776",
          "latitude": 23.9,
          "longitude": 106.62
      },
      {
          "rgnId": 100,
          "city": "北海市",
          "cityCode": "0779",
          "latitude": 21.48,
          "longitude": 109.12
      },
      {
          "rgnId": 325,
          "city": "巴中市",
          "cityCode": "0827",
          "latitude": 31.85,
          "longitude": 106.77
      },
      {
          "rgnId": 113,
          "city": "毕节市",
          "cityCode": "0857",
          "latitude": 26.65,
          "longitude": 106.63
      },
      {
          "rgnId": 371,
          "city": "保山市",
          "cityCode": "0875",
          "latitude": 25.12,
          "longitude": 99.17
      },
      {
          "rgnId": 123,
          "city": "保亭黎族苗族自治县",
          "cityCode": "0801",
          "latitude": 20.03,
          "longitude": 110.32
      },
      {
          "rgnId": 355,
          "city": "博尔塔拉蒙古自治州",
          "cityCode": "0909",
          "latitude": 44.9,
          "longitude": 82.07
      },
      {
          "rgnId": 313,
          "city": "宝鸡市",
          "cityCode": "0917",
          "latitude": 34.37,
          "longitude": 107.13
      },
      {
          "rgnId": 63,
          "city": "白银市",
          "cityCode": "0943",
          "latitude": 36.55,
          "longitude": 104.18
      },
      {
          "rgnId": 354,
          "city": "巴音郭楞蒙古自治州",
          "cityCode": "0996",
          "latitude": 41.77,
          "longitude": 86.15
      }
  ],
  "C": [
      {
          "rgnId": 394,
          "city": "重庆市",
          "cityCode": "023",
          "latitude": 29.57,
          "longitude": 106.55
      },
      {
          "rgnId": 124,
          "city": "昌江黎族自治县",
          "cityCode": "0803",
          "latitude": 20.03,
          "longitude": 110.32
      },
      {
          "rgnId": 322,
          "city": "成都市",
          "cityCode": "028",
          "latitude": 30.67,
          "longitude": 104.07
      },
      {
          "rgnId": 141,
          "city": "承德市",
          "cityCode": "0314",
          "latitude": 40.97,
          "longitude": 117.93
      },
      {
          "rgnId": 140,
          "city": "沧州市",
          "cityCode": "0317",
          "latitude": 38.3,
          "longitude": 116.83
      },
      {
          "rgnId": 301,
          "city": "长治市",
          "cityCode": "0355",
          "latitude": 36.2,
          "longitude": 113.12
      },
      {
          "rgnId": 248,
          "city": "朝阳市",
          "cityCode": "0421",
          "latitude": 41.57,
          "longitude": 120.45
      },
      {
          "rgnId": 211,
          "city": "长春市",
          "cityCode": "0431",
          "latitude": 43.9,
          "longitude": 125.32
      },
      {
          "rgnId": 262,
          "city": "赤峰市",
          "cityCode": "0476",
          "latitude": 42.27,
          "longitude": 118.92
      },
      {
          "rgnId": 223,
          "city": "常州市",
          "cityCode": "0519",
          "latitude": 31.78,
          "longitude": 119.95
      },
      {
          "rgnId": 40,
          "city": "滁州市",
          "cityCode": "0550",
          "latitude": 32.3,
          "longitude": 118.32
      },
      {
          "rgnId": 197,
          "city": "长沙市",
          "cityCode": "0731",
          "latitude": 28.23,
          "longitude": 112.93
      },
      {
          "rgnId": 200,
          "city": "郴州市",
          "cityCode": "0735",
          "latitude": 25.78,
          "longitude": 113.02
      },
      {
          "rgnId": 199,
          "city": "常德市",
          "cityCode": "0736",
          "latitude": 29.05,
          "longitude": 111.68
      },
      {
          "rgnId": 78,
          "city": "潮州市",
          "cityCode": "0768",
          "latitude": 23.67,
          "longitude": 116.62
      },
      {
          "rgnId": 101,
          "city": "崇左市",
          "cityCode": "1771",
          "latitude": 22.4,
          "longitude": 107.37
      },
      {
          "rgnId": 372,
          "city": "楚雄彝族自治州",
          "cityCode": "0878",
          "latitude": 25.03,
          "longitude": 101.55
      },
      {
          "rgnId": 346,
          "city": "昌都地区",
          "cityCode": "0895",
          "latitude": 31.13,
          "longitude": 97.18
      },
      {
          "rgnId": 125,
          "city": "澄迈县",
          "cityCode": "0804",
          "latitude": 20.03,
          "longitude": 110.32
      },
      {
          "rgnId": 356,
          "city": "昌吉回族自治州",
          "cityCode": "0994",
          "latitude": 44.02,
          "longitude": 87.3
      }
  ],
  "D": [
      {
          "rgnId": 302,
          "city": "大同市",
          "cityCode": "0352",
          "latitude": 40.08,
          "longitude": 113.3
      },
      {
          "rgnId": 245,
          "city": "大连市",
          "cityCode": "0411",
          "latitude": 38.92,
          "longitude": 121.62
      },
      {
          "rgnId": 249,
          "city": "丹东市",
          "cityCode": "0415",
          "latitude": 40.13,
          "longitude": 124.38
      },
      {
          "rgnId": 169,
          "city": "大兴安岭地区",
          "cityCode": "0457",
          "latitude": 50.42,
          "longitude": 124.12
      },
      {
          "rgnId": 168,
          "city": "大庆市",
          "cityCode": "0459",
          "latitude": 46.58,
          "longitude": 125.03
      },
      {
          "rgnId": 286,
          "city": "德州市",
          "cityCode": "0534",
          "latitude": 37.45,
          "longitude": 116.3
      },
      {
          "rgnId": 287,
          "city": "东营市",
          "cityCode": "0546",
          "latitude": 37.43,
          "longitude": 118.67
      },
      {
          "rgnId": 374,
          "city": "德宏傣族景颇族自治州",
          "cityCode": "0692",
          "latitude": 24.43,
          "longitude": 98.58
      },
      {
          "rgnId": 79,
          "city": "东莞市",
          "cityCode": "0769",
          "latitude": 23.05,
          "longitude": 113.75
      },
      {
          "rgnId": 326,
          "city": "达州市",
          "cityCode": "0818",
          "latitude": 31.22,
          "longitude": 107.5
      },
      {
          "rgnId": 327,
          "city": "德阳市",
          "cityCode": "0838",
          "latitude": 31.13,
          "longitude": 104.38
      },
      {
          "rgnId": 373,
          "city": "大理白族自治州",
          "cityCode": "0872",
          "latitude": 25.6,
          "longitude": 100.23
      },
      {
          "rgnId": 375,
          "city": "迪庆藏族自治州",
          "cityCode": "0887",
          "latitude": 27.83,
          "longitude": 99.7
      },
      {
          "rgnId": 126,
          "city": "定安县",
          "cityCode": "0806",
          "latitude": 20.03,
          "longitude": 110.32
      },
      {
          "rgnId": 127,
          "city": "东方市",
          "cityCode": "0807",
          "latitude": 20.03,
          "longitude": 110.32
      },
      {
          "rgnId": 137,
          "city": "儋州市",
          "cityCode": "0805",
          "latitude": 20.03,
          "longitude": 110.32
      },
      {
          "rgnId": 64,
          "city": "定西市",
          "cityCode": "0932",
          "latitude": 35.58,
          "longitude": 104.62
      }
  ],
  "E": [
      {
          "rgnId": 263,
          "city": "鄂尔多斯市",
          "cityCode": "0477",
          "latitude": 39.62,
          "longitude": 109.8
      },
      {
          "rgnId": 182,
          "city": "鄂州市",
          "cityCode": "0711",
          "latitude": 30.4,
          "longitude": 114.88
      },
      {
          "rgnId": 196,
          "city": "恩施土家族苗族自治州",
          "cityCode": "0718",
          "latitude": 30.3,
          "longitude": 109.47
      }
  ],
  "F": [
      {
          "rgnId": 250,
          "city": "抚顺市",
          "cityCode": "0413",
          "latitude": 41.88,
          "longitude": 123.98
      },
      {
          "rgnId": 251,
          "city": "阜新市",
          "cityCode": "0418",
          "latitude": 42.02,
          "longitude": 121.67
      },
      {
          "rgnId": 41,
          "city": "阜阳市",
          "cityCode": "1558",
          "latitude": 32.9,
          "longitude": 115.82
      },
      {
          "rgnId": 53,
          "city": "福州市",
          "cityCode": "0591",
          "latitude": 26.08,
          "longitude": 119.3
      },
      {
          "rgnId": 80,
          "city": "佛山市",
          "cityCode": "0757",
          "latitude": 23.02,
          "longitude": 113.12
      },
      {
          "rgnId": 102,
          "city": "防城港市",
          "cityCode": "0770",
          "latitude": 21.7,
          "longitude": 108.35
      },
      {
          "rgnId": 234,
          "city": "抚州市",
          "cityCode": "0794",
          "latitude": 28,
          "longitude": 116.35
      }
  ],
  "G": [
      {
          "rgnId": 65,
          "city": "甘南藏族自治州",
          "cityCode": "0941",
          "latitude": 36.07,
          "longitude": 103.82
      },
      {
          "rgnId": 76,
          "city": "广州市",
          "cityCode": "020",
          "latitude": 23.13,
          "longitude": 113.27
      },
      {
          "rgnId": 98,
          "city": "桂林市",
          "cityCode": "0773",
          "latitude": 25.28,
          "longitude": 110.28
      },
      {
          "rgnId": 103,
          "city": "贵港市",
          "cityCode": "1755",
          "latitude": 23.1,
          "longitude": 109.6
      },
      {
          "rgnId": 235,
          "city": "赣州市",
          "cityCode": "0797",
          "latitude": 25.83,
          "longitude": 114.93
      },
      {
          "rgnId": 329,
          "city": "广安市",
          "cityCode": "0826",
          "latitude": 30.47,
          "longitude": 106.63
      },
      {
          "rgnId": 328,
          "city": "甘孜州",
          "cityCode": "0836",
          "latitude": 30.67,
          "longitude": 104.07
      },
      {
          "rgnId": 330,
          "city": "广元市",
          "cityCode": "0839",
          "latitude": 32.43,
          "longitude": 105.83
      },
      {
          "rgnId": 111,
          "city": "贵阳市",
          "cityCode": "0851",
          "latitude": 26.65,
          "longitude": 106.63
      },
      {
          "rgnId": 271,
          "city": "固原市",
          "cityCode": "0954",
          "latitude": 36,
          "longitude": 106.28
      },
      {
          "rgnId": 276,
          "city": "果洛藏族自治州",
          "cityCode": "0975",
          "latitude": 34.48,
          "longitude": 100.23
      }
  ],
  "H": [
      {
          "rgnId": 142,
          "city": "邯郸市",
          "cityCode": "0310",
          "latitude": 36.62,
          "longitude": 114.48
      },
      {
          "rgnId": 143,
          "city": "衡水市",
          "cityCode": "0318",
          "latitude": 37.73,
          "longitude": 115.68
      },
      {
          "rgnId": 153,
          "city": "鹤壁市",
          "cityCode": "0392",
          "latitude": 35.75,
          "longitude": 114.28
      },
      {
          "rgnId": 252,
          "city": "葫芦岛市",
          "cityCode": "0429",
          "latitude": 40.72,
          "longitude": 120.83
      },
      {
          "rgnId": 167,
          "city": "哈尔滨市",
          "cityCode": "0451",
          "latitude": 45.8,
          "longitude": 126.53
      },
      {
          "rgnId": 171,
          "city": "黑河市",
          "cityCode": "0456",
          "latitude": 50.25,
          "longitude": 127.48
      },
      {
          "rgnId": 170,
          "city": "鹤岗市",
          "cityCode": "0468",
          "latitude": 47.33,
          "longitude": 130.27
      },
      {
          "rgnId": 264,
          "city": "呼伦贝尔市",
          "cityCode": "0470",
          "latitude": 49.22,
          "longitude": 119.77
      },
      {
          "rgnId": 258,
          "city": "呼和浩特市",
          "cityCode": "0471",
          "latitude": 40.83,
          "longitude": 111.73
      },
      {
          "rgnId": 224,
          "city": "淮安市",
          "cityCode": "0517",
          "latitude": 33.62,
          "longitude": 119.02
      },
      {
          "rgnId": 288,
          "city": "菏泽市",
          "cityCode": "0530",
          "latitude": 36.67,
          "longitude": 116.98
      },
      {
          "rgnId": 3401,
          "city": "合肥市",
          "cityCode": "0551",
          "latitude": 31.83,
          "longitude": 117.25
      },
      {
          "rgnId": 43,
          "city": "淮南市",
          "cityCode": "0554",
          "latitude": 32.63,
          "longitude": 117
      },
      {
          "rgnId": 44,
          "city": "黄山市",
          "cityCode": "0559",
          "latitude": 29.72,
          "longitude": 118.33
      },
      {
          "rgnId": 42,
          "city": "淮北市",
          "cityCode": "0561",
          "latitude": 33.95,
          "longitude": 116.8
      },
      {
          "rgnId": 383,
          "city": "杭州市",
          "cityCode": "0571",
          "latitude": 30.28,
          "longitude": 120.15
      },
      {
          "rgnId": 384,
          "city": "湖州市",
          "cityCode": "0572",
          "latitude": 30.9,
          "longitude": 120.08
      },
      {
          "rgnId": 183,
          "city": "黄冈市",
          "cityCode": "0713",
          "latitude": 30.45,
          "longitude": 114.87
      },
      {
          "rgnId": 184,
          "city": "黄石市",
          "cityCode": "0714",
          "latitude": 30.2,
          "longitude": 115.03
      },
      {
          "rgnId": 201,
          "city": "衡阳市",
          "cityCode": "0734",
          "latitude": 26.9,
          "longitude": 112.57
      },
      {
          "rgnId": 202,
          "city": "怀化市",
          "cityCode": "0745",
          "latitude": 27.57,
          "longitude": 110
      },
      {
          "rgnId": 82,
          "city": "惠州市",
          "cityCode": "0752",
          "latitude": 23.12,
          "longitude": 114.42
      },
      {
          "rgnId": 81,
          "city": "河源市",
          "cityCode": "0762",
          "latitude": 23.73,
          "longitude": 114.7
      },
      {
          "rgnId": 105,
          "city": "贺州市",
          "cityCode": "1774",
          "latitude": 24.42,
          "longitude": 111.55
      },
      {
          "rgnId": 104,
          "city": "河池市",
          "cityCode": "0778",
          "latitude": 24.7,
          "longitude": 108.07
      },
      {
          "rgnId": 376,
          "city": "红河哈尼族彝族自治州",
          "cityCode": "0873",
          "latitude": 23.37,
          "longitude": 103.4
      },
      {
          "rgnId": 120,
          "city": "海口市",
          "cityCode": "0898",
          "latitude": 20.03,
          "longitude": 110.32
      },
      {
          "rgnId": 357,
          "city": "哈密地区",
          "cityCode": "0902",
          "latitude": 42.83,
          "longitude": 93.52
      },
      {
          "rgnId": 358,
          "city": "和田地区",
          "cityCode": "0903",
          "latitude": 37.12,
          "longitude": 79.92
      },
      {
          "rgnId": 314,
          "city": "汉中市",
          "cityCode": "0916",
          "latitude": 33.07,
          "longitude": 107.02
      },
      {
          "rgnId": 277,
          "city": "海北藏族自治州",
          "cityCode": "0970",
          "latitude": 36.97,
          "longitude": 100.9
      },
      {
          "rgnId": 278,
          "city": "海东市",
          "cityCode": "0972",
          "latitude": 36.62,
          "longitude": 101.78
      },
      {
          "rgnId": 281,
          "city": "黄南藏族自治州",
          "cityCode": "0973",
          "latitude": 35.52,
          "longitude": 102.02
      },
      {
          "rgnId": 279,
          "city": "海南藏族自治州",
          "cityCode": "0974",
          "latitude": 36.28,
          "longitude": 100.62
      },
      {
          "rgnId": 280,
          "city": "海西蒙古族藏族自治州",
          "cityCode": "0977",
          "latitude": 37.37,
          "longitude": 97.37
      }
  ],
  "J": [
      {
          "rgnId": 304,
          "city": "晋中市",
          "cityCode": "0354",
          "latitude": 37.68,
          "longitude": 112.75
      },
      {
          "rgnId": 303,
          "city": "晋城市",
          "cityCode": "0356",
          "latitude": 35.5,
          "longitude": 112.83
      },
      {
          "rgnId": 154,
          "city": "济源市",
          "cityCode": "1391",
          "latitude": 34.75,
          "longitude": 113.62
      },
      {
          "rgnId": 155,
          "city": "焦作市",
          "cityCode": "0391",
          "latitude": 35.22,
          "longitude": 113.25
      },
      {
          "rgnId": 253,
          "city": "锦州市",
          "cityCode": "0416",
          "latitude": 41.1,
          "longitude": 121.13
      },
      {
          "rgnId": 212,
          "city": "吉林市",
          "cityCode": "0432",
          "latitude": 43.83,
          "longitude": 126.55
      },
      {
          "rgnId": 173,
          "city": "佳木斯市",
          "cityCode": "0454",
          "latitude": 46.82,
          "longitude": 130.37
      },
      {
          "rgnId": 172,
          "city": "鸡西市",
          "cityCode": "0467",
          "latitude": 45.3,
          "longitude": 130.97
      },
      {
          "rgnId": 283,
          "city": "济南市",
          "cityCode": "0531",
          "latitude": 36.67,
          "longitude": 116.98
      },
      {
          "rgnId": 3812,
          "city": "即墨市",
          "cityCode": "0532",
          "latitude": 36.67,
          "longitude": 116.98
      },
      {
          "rgnId": 289,
          "city": "济宁市",
          "cityCode": "0537",
          "latitude": 35.42,
          "longitude": 116.58
      },
      {
          "rgnId": 385,
          "city": "嘉兴市",
          "cityCode": "0573",
          "latitude": 30.75,
          "longitude": 120.75
      },
      {
          "rgnId": 386,
          "city": "金华市",
          "cityCode": "0579",
          "latitude": 29.08,
          "longitude": 119.65
      },
      {
          "rgnId": 84,
          "city": "揭阳市",
          "cityCode": "0663",
          "latitude": 23.55,
          "longitude": 116.37
      },
      {
          "rgnId": 186,
          "city": "荆州市",
          "cityCode": "0716",
          "latitude": 30.33,
          "longitude": 112.23
      },
      {
          "rgnId": 185,
          "city": "荆门市",
          "cityCode": "0724",
          "latitude": 31.03,
          "longitude": 112.2
      },
      {
          "rgnId": 83,
          "city": "江门市",
          "cityCode": "0750",
          "latitude": 22.58,
          "longitude": 113.08
      },
      {
          "rgnId": 238,
          "city": "九江市",
          "cityCode": "0792",
          "latitude": 29.7,
          "longitude": 116
      },
      {
          "rgnId": 236,
          "city": "吉安市",
          "cityCode": "0796",
          "latitude": 27.12,
          "longitude": 114.98
      },
      {
          "rgnId": 237,
          "city": "景德镇市",
          "cityCode": "0798",
          "latitude": 29.27,
          "longitude": 117.17
      },
      {
          "rgnId": 67,
          "city": "金昌市",
          "cityCode": "0935",
          "latitude": 38.5,
          "longitude": 102.18
      },
      {
          "rgnId": 68,
          "city": "酒泉市",
          "cityCode": "0937",
          "latitude": 39.75,
          "longitude": 98.52
      },
      {
          "rgnId": 66,
          "city": "嘉峪关市",
          "cityCode": "1937",
          "latitude": 39.8,
          "longitude": 98.27
      }
  ],
  "K": [
      {
          "rgnId": 151,
          "city": "开封市",
          "cityCode": "0378",
          "latitude": 34.8,
          "longitude": 114.3
      },
      {
          "rgnId": 367,
          "city": "昆明市",
          "cityCode": "0871",
          "latitude": 25.05,
          "longitude": 102.72
      },
      {
          "rgnId": 361,
          "city": "克孜勒苏柯尔克孜自治州",
          "cityCode": "0908",
          "latitude": 43.82,
          "longitude": 87.62
      },
      {
          "rgnId": 360,
          "city": "克拉玛依市",
          "cityCode": "0990",
          "latitude": 45.6,
          "longitude": 84.87
      },
      {
          "rgnId": 359,
          "city": "喀什地区",
          "cityCode": "0998",
          "latitude": 39.47,
          "longitude": 75.98
      }
  ],
  "L": [
      {
          "rgnId": 144,
          "city": "廊坊市",
          "cityCode": "0316",
          "latitude": 39.52,
          "longitude": 116.7
      },
      {
          "rgnId": 305,
          "city": "临汾市",
          "cityCode": "0357",
          "latitude": 36.08,
          "longitude": 111.52
      },
      {
          "rgnId": 306,
          "city": "吕梁市",
          "cityCode": "0358",
          "latitude": 37.52,
          "longitude": 111.13
      },
      {
          "rgnId": 150,
          "city": "洛阳市",
          "cityCode": "0379",
          "latitude": 34.62,
          "longitude": 112.45
      },
      {
          "rgnId": 165,
          "city": "漯河市",
          "cityCode": "0395",
          "latitude": 33.58,
          "longitude": 114.02
      },
      {
          "rgnId": 254,
          "city": "辽阳市",
          "cityCode": "0419",
          "latitude": 41.27,
          "longitude": 123.17
      },
      {
          "rgnId": 215,
          "city": "辽源市",
          "cityCode": "0437",
          "latitude": 42.88,
          "longitude": 125.13
      },
      {
          "rgnId": 225,
          "city": "连云港市",
          "cityCode": "0518",
          "latitude": 34.6,
          "longitude": 119.22
      },
      {
          "rgnId": 292,
          "city": "临沂市",
          "cityCode": "0539",
          "latitude": 35.05,
          "longitude": 118.35
      },
      {
          "rgnId": 45,
          "city": "六安市",
          "cityCode": "0564",
          "latitude": 31.77,
          "longitude": 116.5
      },
      {
          "rgnId": 387,
          "city": "丽水市",
          "cityCode": "0578",
          "latitude": 28.45,
          "longitude": 119.92
      },
      {
          "rgnId": 54,
          "city": "龙岩市",
          "cityCode": "0597",
          "latitude": 25.1,
          "longitude": 117.03
      },
      {
          "rgnId": 290,
          "city": "莱芜市",
          "cityCode": "0634",
          "latitude": 36.22,
          "longitude": 117.67
      },
      {
          "rgnId": 291,
          "city": "聊城市",
          "cityCode": "0635",
          "latitude": 36.45,
          "longitude": 115.98
      },
      {
          "rgnId": 203,
          "city": "娄底市",
          "cityCode": "0738",
          "latitude": 27.73,
          "longitude": 112
      },
      {
          "rgnId": 106,
          "city": "来宾市",
          "cityCode": "1772",
          "latitude": 23.73,
          "longitude": 109.23
      },
      {
          "rgnId": 107,
          "city": "柳州市",
          "cityCode": "0772",
          "latitude": 24.33,
          "longitude": 109.42
      },
      {
          "rgnId": 342,
          "city": "泸州市",
          "cityCode": "0830",
          "latitude": 28.87,
          "longitude": 105.43
      },
      {
          "rgnId": 331,
          "city": "乐山市",
          "cityCode": "0833",
          "latitude": 29.57,
          "longitude": 103.77
      },
      {
          "rgnId": 332,
          "city": "凉山州",
          "cityCode": "0834",
          "latitude": 30.67,
          "longitude": 104.07
      },
      {
          "rgnId": 114,
          "city": "六盘水市",
          "cityCode": "0858",
          "latitude": 26.6,
          "longitude": 104.83
      },
      {
          "rgnId": 377,
          "city": "临沧市",
          "cityCode": "0883",
          "latitude": 23.88,
          "longitude": 100.08
      },
      {
          "rgnId": 370,
          "city": "丽江市",
          "cityCode": "0888",
          "latitude": 26.88,
          "longitude": 100.23
      },
      {
          "rgnId": 344,
          "city": "拉萨市",
          "cityCode": "0891",
          "latitude": 29.65,
          "longitude": 91.13
      },
      {
          "rgnId": 347,
          "city": "林芝地区",
          "cityCode": "0894",
          "latitude": 29.68,
          "longitude": 94.37
      },
      {
          "rgnId": 128,
          "city": "乐东黎族自治县",
          "cityCode": "2802",
          "latitude": 20.03,
          "longitude": 110.32
      },
      {
          "rgnId": 129,
          "city": "临高县",
          "cityCode": "1896",
          "latitude": 20.03,
          "longitude": 110.32
      },
      {
          "rgnId": 130,
          "city": "陵水黎族自治县",
          "cityCode": "0809",
          "latitude": 20.03,
          "longitude": 110.32
      },
      {
          "rgnId": 69,
          "city": "临夏回族自治州",
          "cityCode": "0930",
          "latitude": 36.07,
          "longitude": 103.82
      },
      {
          "rgnId": 62,
          "city": "兰州市",
          "cityCode": "0931",
          "latitude": 36.07,
          "longitude": 103.82
      },
      {
          "rgnId": 70,
          "city": "陇南市",
          "cityCode": "2935",
          "latitude": 33.4,
          "longitude": 104.92
      }
  ],
  "M": [
      {
          "rgnId": 174,
          "city": "牡丹江市",
          "cityCode": "0453",
          "latitude": 44.58,
          "longitude": 129.6
      },
      {
          "rgnId": 46,
          "city": "马鞍山市",
          "cityCode": "0555",
          "latitude": 31.7,
          "longitude": 118.5
      },
      {
          "rgnId": 85,
          "city": "茂名市",
          "cityCode": "0668",
          "latitude": 21.67,
          "longitude": 110.92
      },
      {
          "rgnId": 86,
          "city": "梅州市",
          "cityCode": "0753",
          "latitude": 24.28,
          "longitude": 116.12
      },
      {
          "rgnId": 323,
          "city": "绵阳市",
          "cityCode": "0816",
          "latitude": 31.47,
          "longitude": 104.73
      },
      {
          "rgnId": 333,
          "city": "眉山市",
          "cityCode": "1833",
          "latitude": 30.05,
          "longitude": 103.83
      }
  ],
  "N": [
      {
          "rgnId": 220,
          "city": "南京市",
          "cityCode": "025",
          "latitude": 32.07,
          "longitude": 118.78
      },
      {
          "rgnId": 156,
          "city": "南阳市",
          "cityCode": "0377",
          "latitude": 33,
          "longitude": 112.52
      },
      {
          "rgnId": 226,
          "city": "南通市",
          "cityCode": "0513",
          "latitude": 31.98,
          "longitude": 120.88
      },
      {
          "rgnId": 388,
          "city": "宁波市",
          "cityCode": "0574",
          "latitude": 29.88,
          "longitude": 121.55
      },
      {
          "rgnId": 56,
          "city": "宁德市",
          "cityCode": "0593",
          "latitude": 26.67,
          "longitude": 119.52
      },
      {
          "rgnId": 55,
          "city": "南平市",
          "cityCode": "0599",
          "latitude": 26.65,
          "longitude": 118.17
      },
      {
          "rgnId": 97,
          "city": "南宁市",
          "cityCode": "0771",
          "latitude": 22.82,
          "longitude": 108.37
      },
      {
          "rgnId": 233,
          "city": "南昌市",
          "cityCode": "0791",
          "latitude": 28.68,
          "longitude": 115.85
      },
      {
          "rgnId": 334,
          "city": "南充市",
          "cityCode": "0817",
          "latitude": 30.78,
          "longitude": 106.08
      },
      {
          "rgnId": 335,
          "city": "内江市",
          "cityCode": "1832",
          "latitude": 29.58,
          "longitude": 105.05
      },
      {
          "rgnId": 368,
          "city": "怒江傈僳族自治州",
          "cityCode": "0886",
          "latitude": 25.85,
          "longitude": 98.85
      },
      {
          "rgnId": 348,
          "city": "那曲地区",
          "cityCode": "0896",
          "latitude": 31.48,
          "longitude": 92.07
      }
  ],
  "P": [
      {
          "rgnId": 157,
          "city": "平顶山市",
          "cityCode": "0375",
          "latitude": 33.77,
          "longitude": 113.18
      },
      {
          "rgnId": 166,
          "city": "濮阳市",
          "cityCode": "0393",
          "latitude": 35.77,
          "longitude": 115.03
      },
      {
          "rgnId": 255,
          "city": "盘锦市",
          "cityCode": "0427",
          "latitude": 41.12,
          "longitude": 122.07
      },
      {
          "rgnId": 57,
          "city": "莆田市",
          "cityCode": "0594",
          "latitude": 25.43,
          "longitude": 119
      },
      {
          "rgnId": 239,
          "city": "萍乡市",
          "cityCode": "0799",
          "latitude": 27.63,
          "longitude": 113.85
      },
      {
          "rgnId": 336,
          "city": "攀枝花市",
          "cityCode": "0812",
          "latitude": 26.58,
          "longitude": 101.72
      },
      {
          "rgnId": 369,
          "city": "普洱市",
          "cityCode": "0879",
          "latitude": 25.05,
          "longitude": 102.72
      },
      {
          "rgnId": 71,
          "city": "平凉市",
          "cityCode": "0933",
          "latitude": 35.55,
          "longitude": 106.67
      }
  ],
  "Q": [
      {
          "rgnId": 145,
          "city": "秦皇岛市",
          "cityCode": "0933",
          "latitude": 39.93,
          "longitude": 119.6
      },
      {
          "rgnId": 176,
          "city": "齐齐哈尔市",
          "cityCode": "0452",
          "latitude": 47.33,
          "longitude": 123.95
      },
      {
          "rgnId": 175,
          "city": "七台河市",
          "cityCode": "0464",
          "latitude": 45.78,
          "longitude": 130.95
      },
      {
          "rgnId": 284,
          "city": "青岛市",
          "cityCode": "0532",
          "latitude": 36.07,
          "longitude": 120.38
      },
      {
          "rgnId": 393,
          "city": "衢州市",
          "cityCode": "0570",
          "latitude": 28.93,
          "longitude": 118.87
      },
      {
          "rgnId": 58,
          "city": "泉州市",
          "cityCode": "0595",
          "latitude": 24.88,
          "longitude": 118.67
      },
      {
          "rgnId": 187,
          "city": "潜江市",
          "cityCode": "2728",
          "latitude": 30.6,
          "longitude": 114.3
      },
      {
          "rgnId": 87,
          "city": "清远市",
          "cityCode": "0763",
          "latitude": 23.7,
          "longitude": 113.03
      },
      {
          "rgnId": 108,
          "city": "钦州市",
          "cityCode": "0777",
          "latitude": 21.95,
          "longitude": 108.62
      },
      {
          "rgnId": 116,
          "city": "黔南布依族苗族自治州",
          "cityCode": "0854",
          "latitude": 26.27,
          "longitude": 107.52
      },
      {
          "rgnId": 115,
          "city": "黔东南苗族侗族自治州",
          "cityCode": "0855",
          "latitude": 26.58,
          "longitude": 107.97
      },
      {
          "rgnId": 117,
          "city": "黔西南布依族苗族自治州",
          "cityCode": "0859",
          "latitude": 26.65,
          "longitude": 106.63
      },
      {
          "rgnId": 378,
          "city": "曲靖市",
          "cityCode": "0874",
          "latitude": 25.5,
          "longitude": 103.8
      },
      {
          "rgnId": 131,
          "city": "琼海市",
          "cityCode": "1894",
          "latitude": 20.03,
          "longitude": 110.32
      },
      {
          "rgnId": 132,
          "city": "琼中黎族苗族自治县",
          "cityCode": "1899",
          "latitude": 20.03,
          "longitude": 110.32
      },
      {
          "rgnId": 72,
          "city": "庆阳市",
          "cityCode": "0934",
          "latitude": 35.73,
          "longitude": 107.63
      }
  ],
  "R": [
      {
          "rgnId": 293,
          "city": "日照市",
          "cityCode": "0633",
          "latitude": 35.42,
          "longitude": 119.52
      },
      {
          "rgnId": 349,
          "city": "日喀则地区",
          "cityCode": "0892",
          "latitude": 29.27,
          "longitude": 88.88
      }
  ],
  "S": [
      {
          "rgnId": 188,
          "city": "神农架林区",
          "cityCode": "1719",
          "latitude": 30.6,
          "longitude": 114.3
      },
      {
          "rgnId": 321,
          "city": "上海市",
          "cityCode": "021",
          "latitude": 31.23,
          "longitude": 121.47
      },
      {
          "rgnId": 244,
          "city": "沈阳市",
          "cityCode": "024",
          "latitude": 41.8,
          "longitude": 123.43
      },
      {
          "rgnId": 138,
          "city": "石家庄市",
          "cityCode": "0311",
          "latitude": 38.05,
          "longitude": 114.52
      },
      {
          "rgnId": 307,
          "city": "朔州市",
          "cityCode": "0349",
          "latitude": 39.33,
          "longitude": 112.43
      },
      {
          "rgnId": 159,
          "city": "商丘市",
          "cityCode": "0370",
          "latitude": 34.45,
          "longitude": 115.65
      },
      {
          "rgnId": 158,
          "city": "三门峡市",
          "cityCode": "0398",
          "latitude": 34.78,
          "longitude": 111.2
      },
      {
          "rgnId": 216,
          "city": "四平市",
          "cityCode": "0434",
          "latitude": 43.17,
          "longitude": 124.35
      },
      {
          "rgnId": 217,
          "city": "松原市",
          "cityCode": "0438",
          "latitude": 45.13,
          "longitude": 124.82
      },
      {
          "rgnId": 178,
          "city": "绥化市",
          "cityCode": "0455",
          "latitude": 46.63,
          "longitude": 126.98
      },
      {
          "rgnId": 177,
          "city": "双鸭山市",
          "cityCode": "0469",
          "latitude": 46.63,
          "longitude": 131.15
      },
      {
          "rgnId": 221,
          "city": "苏州市",
          "cityCode": "0512",
          "latitude": 31.3,
          "longitude": 120.58
      },
      {
          "rgnId": 39,
          "city": "池州市",
          "cityCode": "0566",
          "latitude": 30.67,
          "longitude": 117.48
      },
      {
          "rgnId": 389,
          "city": "绍兴市",
          "cityCode": "0575",
          "latitude": 30,
          "longitude": 120.57
      },
      {
          "rgnId": 59,
          "city": "三明市",
          "cityCode": "0598",
          "latitude": 26.27,
          "longitude": 117.62
      },
      {
          "rgnId": 89,
          "city": "汕尾市",
          "cityCode": "0660",
          "latitude": 22.78,
          "longitude": 115.37
      },
      {
          "rgnId": 189,
          "city": "十堰市",
          "cityCode": "0719",
          "latitude": 32.65,
          "longitude": 110.78
      },
      {
          "rgnId": 190,
          "city": "随州市",
          "cityCode": "0722",
          "latitude": 31.72,
          "longitude": 113.37
      },
      {
          "rgnId": 204,
          "city": "邵阳市",
          "cityCode": "0739",
          "latitude": 27.25,
          "longitude": 111.47
      },
      {
          "rgnId": 90,
          "city": "韶关市",
          "cityCode": "0751",
          "latitude": 24.82,
          "longitude": 113.6
      },
      {
          "rgnId": 88,
          "city": "汕头市",
          "cityCode": "0754",
          "latitude": 23.35,
          "longitude": 116.68
      },
      {
          "rgnId": 77,
          "city": "深圳市",
          "cityCode": "0755",
          "latitude": 22.55,
          "longitude": 114.05
      },
      {
          "rgnId": 240,
          "city": "上饶市",
          "cityCode": "0793",
          "latitude": 28.45,
          "longitude": 117.97
      },
      {
          "rgnId": 337,
          "city": "遂宁市",
          "cityCode": "0825",
          "latitude": 30.52,
          "longitude": 105.57
      },
      {
          "rgnId": 350,
          "city": "山南地区",
          "cityCode": "0893",
          "latitude": 29.23,
          "longitude": 91.77
      },
      {
          "rgnId": 121,
          "city": "三亚市",
          "cityCode": "0899",
          "latitude": 18.25,
          "longitude": 109.5
      },
      {
          "rgnId": 315,
          "city": "商洛市",
          "cityCode": "0914",
          "latitude": 33.87,
          "longitude": 109.93
      },
      {
          "rgnId": 272,
          "city": "石嘴山市",
          "cityCode": "0952",
          "latitude": 39.02,
          "longitude": 106.38
      },
      {
          "rgnId": 362,
          "city": "石河子市",
          "cityCode": "0993",
          "latitude": 44.3,
          "longitude": 86.03
      }
  ],
  "T": [
      {
          "rgnId": 3900,
          "city": "塔城地区",
          "cityCode": "0901",
          "latitude": 46.75,
          "longitude": 82.98
      },
      {
          "rgnId": 343,
          "city": "天津市",
          "cityCode": "022",
          "latitude": 39.12,
          "longitude": 117.2
      },
      {
          "rgnId": 146,
          "city": "唐山市",
          "cityCode": "0315",
          "latitude": 39.63,
          "longitude": 118.2
      },
      {
          "rgnId": 300,
          "city": "太原市",
          "cityCode": "0351",
          "latitude": 37.87,
          "longitude": 112.55
      },
      {
          "rgnId": 256,
          "city": "铁岭市",
          "cityCode": "0410",
          "latitude": 42.28,
          "longitude": 123.83
      },
      {
          "rgnId": 218,
          "city": "通化市",
          "cityCode": "0435",
          "latitude": 41.73,
          "longitude": 125.93
      },
      {
          "rgnId": 265,
          "city": "通辽市",
          "cityCode": "0475",
          "latitude": 43.62,
          "longitude": 122.27
      },
      {
          "rgnId": 228,
          "city": "泰州市",
          "cityCode": "0523",
          "latitude": 32.45,
          "longitude": 119.92
      },
      {
          "rgnId": 294,
          "city": "泰安市",
          "cityCode": "0538",
          "latitude": 36.2,
          "longitude": 117.08
      },
      {
          "rgnId": 48,
          "city": "铜陵市",
          "cityCode": "0562",
          "latitude": 30.93,
          "longitude": 117.82
      },
      {
          "rgnId": 390,
          "city": "台州市",
          "cityCode": "0576",
          "latitude": 28.68,
          "longitude": 121.43
      },
      {
          "rgnId": 191,
          "city": "天门市",
          "cityCode": "1728",
          "latitude": 30.6,
          "longitude": 114.3
      },
      {
          "rgnId": 118,
          "city": "铜仁市",
          "cityCode": "0856",
          "latitude": 26.65,
          "longitude": 106.63
      },
      {
          "rgnId": 133,
          "city": "屯昌县",
          "cityCode": "1892",
          "latitude": 20.03,
          "longitude": 110.32
      },
      {
          "rgnId": 316,
          "city": "铜川市",
          "cityCode": "0919",
          "latitude": 34.9,
          "longitude": 108.93
      },
      {
          "rgnId": 73,
          "city": "天水市",
          "cityCode": "0938",
          "latitude": 34.58,
          "longitude": 105.72
      },
      {
          "rgnId": 364,
          "city": "吐鲁番地区",
          "cityCode": "0995",
          "latitude": 42.95,
          "longitude": 89.17
      },
      {
          "rgnId": 363,
          "city": "图木舒克市",
          "cityCode": "1998",
          "latitude": 43.82,
          "longitude": 87.62
      }
  ],
  "W": [
      {
          "rgnId": 180,
          "city": "武汉市",
          "cityCode": "027",
          "latitude": 30.6,
          "longitude": 114.3
      },
      {
          "rgnId": 266,
          "city": "乌海市",
          "cityCode": "0473",
          "latitude": 39.67,
          "longitude": 106.82
      },
      {
          "rgnId": 267,
          "city": "乌兰察布市",
          "cityCode": "0474",
          "latitude": 40.98,
          "longitude": 113.12
      },
      {
          "rgnId": 222,
          "city": "无锡市",
          "cityCode": "0510",
          "latitude": 31.57,
          "longitude": 120.3
      },
      {
          "rgnId": 296,
          "city": "潍坊市",
          "cityCode": "0536",
          "latitude": 36.7,
          "longitude": 119.15
      },
      {
          "rgnId": 49,
          "city": "芜湖市",
          "cityCode": "0553",
          "latitude": 31.33,
          "longitude": 118.38
      },
      {
          "rgnId": 391,
          "city": "温州市",
          "cityCode": "0577",
          "latitude": 28,
          "longitude": 120.7
      },
      {
          "rgnId": 295,
          "city": "威海市",
          "cityCode": "0631",
          "latitude": 37.52,
          "longitude": 122.12
      },
      {
          "rgnId": 109,
          "city": "梧州市",
          "cityCode": "0774",
          "latitude": 23.48,
          "longitude": 111.27
      },
      {
          "rgnId": 379,
          "city": "文山壮族苗族自治州",
          "cityCode": "0876",
          "latitude": 23.37,
          "longitude": 104.25
      },
      {
          "rgnId": 135,
          "city": "文昌市",
          "cityCode": "1893",
          "latitude": 20.03,
          "longitude": 110.32
      },
      {
          "rgnId": 134,
          "city": "万宁市",
          "cityCode": "1898",
          "latitude": 20.03,
          "longitude": 110.32
      },
      {
          "rgnId": 136,
          "city": "五指山市",
          "cityCode": "1897",
          "latitude": 18.78,
          "longitude": 109.52
      },
      {
          "rgnId": 317,
          "city": "渭南市",
          "cityCode": "0913",
          "latitude": 34.5,
          "longitude": 109.5
      },
      {
          "rgnId": 74,
          "city": "武威市",
          "cityCode": "1935",
          "latitude": 37.93,
          "longitude": 102.63
      },
      {
          "rgnId": 273,
          "city": "吴忠市",
          "cityCode": "0953",
          "latitude": 37.98,
          "longitude": 106.2
      },
      {
          "rgnId": 351,
          "city": "乌鲁木齐市",
          "cityCode": "0991",
          "latitude": 43.82,
          "longitude": 87.62
      },
      {
          "rgnId": 365,
          "city": "五家渠市",
          "cityCode": "1994",
          "latitude": 43.82,
          "longitude": 87.62
      }
  ],
  "X": [
      {
          "rgnId": 311,
          "city": "西安市",
          "cityCode": "029",
          "latitude": 34.27,
          "longitude": 108.93
      },
      {
          "rgnId": 147,
          "city": "邢台市",
          "cityCode": "0319",
          "latitude": 37.07,
          "longitude": 114.48
      },
      {
          "rgnId": 60,
          "city": "厦门市",
          "cityCode": "0592",
          "latitude": 24.48,
          "longitude": 118.08
      },
      {
          "rgnId": 308,
          "city": "忻州市",
          "cityCode": "0350",
          "latitude": 38.42,
          "longitude": 112.73
      },
      {
          "rgnId": 160,
          "city": "新乡市",
          "cityCode": "0373",
          "latitude": 35.3,
          "longitude": 113.9
      },
      {
          "rgnId": 162,
          "city": "许昌市",
          "cityCode": "0374",
          "latitude": 34.03,
          "longitude": 113.85
      },
      {
          "rgnId": 161,
          "city": "信阳市",
          "cityCode": "0376",
          "latitude": 32.13,
          "longitude": 114.07
      },
      {
          "rgnId": 268,
          "city": "锡林郭勒盟市",
          "cityCode": "0479",
          "latitude": 40.83,
          "longitude": 111.73
      },
      {
          "rgnId": 269,
          "city": "兴安盟市",
          "cityCode": "0482",
          "latitude": 40.83,
          "longitude": 111.73
      },
      {
          "rgnId": 229,
          "city": "徐州市",
          "cityCode": "0516",
          "latitude": 34.27,
          "longitude": 117.18
      },
      {
          "rgnId": 227,
          "city": "宿迁市",
          "cityCode": "0527",
          "latitude": 33.97,
          "longitude": 118.28
      },
      {
          "rgnId": 47,
          "city": "宿州市",
          "cityCode": "0557",
          "latitude": 33.63,
          "longitude": 116.98
      },
      {
          "rgnId": 50,
          "city": "宣城市",
          "cityCode": "0563",
          "latitude": 30.95,
          "longitude": 118.75
      },
      {
          "rgnId": 380,
          "city": "西双版纳傣族自治州",
          "cityCode": "0691",
          "latitude": 22.02,
          "longitude": 100.8
      },
      {
          "rgnId": 193,
          "city": "襄阳市",
          "cityCode": "0710",
          "latitude": 30.6,
          "longitude": 114.3
      },
      {
          "rgnId": 194,
          "city": "孝感市",
          "cityCode": "0712",
          "latitude": 30.93,
          "longitude": 113.92
      },
      {
          "rgnId": 192,
          "city": "咸宁市",
          "cityCode": "0715",
          "latitude": 29.85,
          "longitude": 114.32
      },
      {
          "rgnId": 181,
          "city": "仙桃市",
          "cityCode": "0728",
          "latitude": 30.37,
          "longitude": 113.45
      },
      {
          "rgnId": 205,
          "city": "湘潭市",
          "cityCode": "0732",
          "latitude": 27.83,
          "longitude": 112.93
      },
      {
          "rgnId": 206,
          "city": "湘西土家族苗族自治州",
          "cityCode": "0743",
          "latitude": 28.23,
          "longitude": 112.93
      },
      {
          "rgnId": 3811,
          "city": "兴宁市",
          "cityCode": "0753",
          "latitude": 23.13,
          "longitude": 113.27
      },
      {
          "rgnId": 241,
          "city": "新余市",
          "cityCode": "0790",
          "latitude": 27.82,
          "longitude": 114.92
      },
      {
          "rgnId": 318,
          "city": "咸阳市",
          "cityCode": "0910",
          "latitude": 34.33,
          "longitude": 108.7
      },
      {
          "rgnId": 275,
          "city": "西宁市",
          "cityCode": "0971",
          "latitude": 36.62,
          "longitude": 101.78
      }
  ],
  "Y": [
      {
          "rgnId": 3873,
          "city": "伊犁哈萨克自治州",
          "cityCode": "0999",
          "latitude": 43.92,
          "longitude": 81.32
      },
      {
          "rgnId": 309,
          "city": "阳泉市",
          "cityCode": "0353",
          "latitude": 37.85,
          "longitude": 113.57
      },
      {
          "rgnId": 310,
          "city": "运城市",
          "cityCode": "0359",
          "latitude": 35.02,
          "longitude": 110.98
      },
      {
          "rgnId": 257,
          "city": "营口市",
          "cityCode": "0417",
          "latitude": 40.67,
          "longitude": 122.23
      },
      {
          "rgnId": 219,
          "city": "延边州",
          "cityCode": "1433",
          "latitude": 43.9,
          "longitude": 125.32
      },
      {
          "rgnId": 179,
          "city": "伊春市",
          "cityCode": "0458",
          "latitude": 47.73,
          "longitude": 128.9
      },
      {
          "rgnId": 231,
          "city": "扬州市",
          "cityCode": "0514",
          "latitude": 32.4,
          "longitude": 119.4
      },
      {
          "rgnId": 230,
          "city": "盐城市",
          "cityCode": "0515",
          "latitude": 33.35,
          "longitude": 120.15
      },
      {
          "rgnId": 297,
          "city": "烟台市",
          "cityCode": "0535",
          "latitude": 37.45,
          "longitude": 121.43
      },
      {
          "rgnId": 91,
          "city": "阳江市",
          "cityCode": "0662",
          "latitude": 21.87,
          "longitude": 111.98
      },
      {
          "rgnId": 243,
          "city": "鹰潭市",
          "cityCode": "0701",
          "latitude": 28.27,
          "longitude": 117.07
      },
      {
          "rgnId": 195,
          "city": "宜昌市",
          "cityCode": "0717",
          "latitude": 30.7,
          "longitude": 111.28
      },
      {
          "rgnId": 209,
          "city": "岳阳市",
          "cityCode": "0730",
          "latitude": 29.37,
          "longitude": 113.12
      },
      {
          "rgnId": 207,
          "city": "益阳市",
          "cityCode": "0737",
          "latitude": 28.6,
          "longitude": 112.32
      },
      {
          "rgnId": 208,
          "city": "永州市",
          "cityCode": "0746",
          "latitude": 26.43,
          "longitude": 111.62
      },
      {
          "rgnId": 92,
          "city": "云浮市",
          "cityCode": "0766",
          "latitude": 22.92,
          "longitude": 112.03
      },
      {
          "rgnId": 110,
          "city": "玉林市",
          "cityCode": "0775",
          "latitude": 22.63,
          "longitude": 110.17
      },
      {
          "rgnId": 242,
          "city": "宜春市",
          "cityCode": "0795",
          "latitude": 27.8,
          "longitude": 114.38
      },
      {
          "rgnId": 339,
          "city": "宜宾市",
          "cityCode": "0831",
          "latitude": 28.77,
          "longitude": 104.62
      },
      {
          "rgnId": 338,
          "city": "雅安市",
          "cityCode": "0835",
          "latitude": 29.98,
          "longitude": 103
      },
      {
          "rgnId": 381,
          "city": "玉溪市",
          "cityCode": "0877",
          "latitude": 24.35,
          "longitude": 102.55
      },
      {
          "rgnId": 319,
          "city": "延安市",
          "cityCode": "0911",
          "latitude": 36.6,
          "longitude": 109.48
      },
      {
          "rgnId": 320,
          "city": "榆林市",
          "cityCode": "0912",
          "latitude": 38.28,
          "longitude": 109.73
      },
      {
          "rgnId": 270,
          "city": "银川市",
          "cityCode": "0951",
          "latitude": 38.47,
          "longitude": 106.28
      },
      {
          "rgnId": 282,
          "city": "玉树藏族自治州",
          "cityCode": "0976",
          "latitude": 33,
          "longitude": 97.02
      }
  ],
  "Z": [
      {
          "rgnId": 148,
          "city": "张家口市",
          "cityCode": "0313",
          "latitude": 40.82,
          "longitude": 114.88
      },
      {
          "rgnId": 149,
          "city": "郑州市",
          "cityCode": "0371",
          "latitude": 34.75,
          "longitude": 113.62
      },
      {
          "rgnId": 163,
          "city": "周口市",
          "cityCode": "0394",
          "latitude": 33.62,
          "longitude": 114.65
      },
      {
          "rgnId": 164,
          "city": "驻马店市",
          "cityCode": "0396",
          "latitude": 32.98,
          "longitude": 114.02
      },
      {
          "rgnId": 232,
          "city": "镇江市",
          "cityCode": "0511",
          "latitude": 32.2,
          "longitude": 119.45
      },
      {
          "rgnId": 299,
          "city": "淄博市",
          "cityCode": "0533",
          "latitude": 36.82,
          "longitude": 118.05
      },
      {
          "rgnId": 392,
          "city": "舟山市",
          "cityCode": "0580",
          "latitude": 30,
          "longitude": 122.2
      },
      {
          "rgnId": 61,
          "city": "漳州市",
          "cityCode": "0596",
          "latitude": 24.52,
          "longitude": 117.65
      },
      {
          "rgnId": 298,
          "city": "枣庄市",
          "cityCode": "0632",
          "latitude": 34.82,
          "longitude": 117.32
      },
      {
          "rgnId": 210,
          "city": "株洲市",
          "cityCode": "0733",
          "latitude": 27.83,
          "longitude": 113.13
      },
      {
          "rgnId": 198,
          "city": "张家界市",
          "cityCode": "0744",
          "latitude": 29.13,
          "longitude": 110.47
      },
      {
          "rgnId": 96,
          "city": "珠海市",
          "cityCode": "0756",
          "latitude": 22.27,
          "longitude": 113.57
      },
      {
          "rgnId": 94,
          "city": "肇庆市",
          "cityCode": "0758",
          "latitude": 23.05,
          "longitude": 112.47
      },
      {
          "rgnId": 93,
          "city": "湛江市",
          "cityCode": "0759",
          "latitude": 21.27,
          "longitude": 110.35
      },
      {
          "rgnId": 95,
          "city": "中山市",
          "cityCode": "0760",
          "latitude": 22.52,
          "longitude": 113.38
      },
      {
          "rgnId": 341,
          "city": "自贡市",
          "cityCode": "0813",
          "latitude": 29.35,
          "longitude": 104.78
      },
      {
          "rgnId": 340,
          "city": "资阳市",
          "cityCode": "0832",
          "latitude": 30.12,
          "longitude": 104.65
      },
      {
          "rgnId": 119,
          "city": "遵义市",
          "cityCode": "0852",
          "latitude": 27.73,
          "longitude": 106.92
      },
      {
          "rgnId": 382,
          "city": "昭通市",
          "cityCode": "0870",
          "latitude": 27.33,
          "longitude": 103.72
      },
      {
          "rgnId": 75,
          "city": "张掖市",
          "cityCode": "0936",
          "latitude": 38.93,
          "longitude": 100.45
      },
      {
          "rgnId": 274,
          "city": "中卫市",
          "cityCode": "1953",
          "latitude": 37.52,
          "longitude": 105.18
      }
  ]
}
